IP,PORT,匿名度,类型,位置,响应速度（秒）,最后验证时间,付费方式
113.121.23.164,9999,高匿名,HTTP,山东省烟台市 电信,0.3,2023-10-22 10:31:01,免费代理ip
60.205.132.71,80,高匿名,HTTP,北京市大兴区 阿里云计算有限公司 阿里云,4.0,2023-10-22 09:31:01,免费代理ip
123.169.34.207,9999,高匿名,HTTP,山东省烟台市 电信,0.3,2023-10-22 08:31:01,免费代理ip
117.24.81.177,8888,高匿名,HTTP,中国 福建 泉州 电信,0.3,2023-10-22 07:31:01,免费代理ip
183.247.221.119,30001,高匿名,HTTP,中国 浙江 台州 移动,0.8,2023-10-22 06:31:01,免费代理ip
182.34.100.58,9999,高匿名,HTTP,中国 山东 烟台 电信,0.2,2023-10-22 05:31:02,免费代理ip
218.75.69.50,57903,高匿名,HTTP,浙江省杭州市 电信,7.0,2023-10-22 04:31:02,免费代理ip
183.64.239.19,8060,高匿名,HTTP,重庆市重庆市 电信,0.5,2023-10-22 03:31:01,免费代理ip
182.140.244.163,8118,高匿名,HTTP,四川省成都市 电信,0.3,2023-10-22 02:31:01,免费代理ip
112.244.244.229,9000,高匿名,HTTP,山东省潍坊市 联通,0.3,2023-10-22 01:31:01,免费代理ip
222.74.73.202,42055,高匿名,HTTP,内蒙古自治区赤峰市 电信,1.0,2023-10-22 00:31:01,免费代理ip
218.75.102.198,8000,高匿名,HTTP,浙江省金华市 电信,0.3,2023-10-21 23:31:01,免费代理ip
182.34.27.55,9999,高匿名,HTTP,山东省烟台市 电信,0.2,2023-10-21 22:31:01,免费代理ip
113.124.95.206,9999,高匿名,HTTP,山东省烟台市 电信,0.3,2023-10-21 21:31:01,免费代理ip
113.124.85.227,9999,高匿名,HTTP,山东省烟台市 电信,0.2,2023-10-21 20:31:01,免费代理ip
183.236.123.242,8060,高匿名,HTTP,中国 广东 佛山 移动,0.4,2023-10-21 19:31:01,免费代理ip
36.134.91.82,8888,高匿名,HTTP,中国,5.0,2023-10-21 18:31:01,免费代理ip
113.121.39.65,9999,高匿名,HTTP,山东省烟台市 电信,0.3,2023-10-21 17:31:01,免费代理ip
182.34.19.184,9999,高匿名,HTTP,中国 山东 烟台 电信,0.3,2023-10-21 16:31:01,免费代理ip
182.34.103.231,9999,高匿名,HTTP,中国 山东 烟台 电信,0.2,2023-10-21 15:31:01,免费代理ip
113.121.47.97,9999,高匿名,HTTP,中国 山东 烟台 电信,0.3,2023-10-21 14:31:01,免费代理ip
114.231.82.179,8888,高匿名,HTTP,中国 江苏 南通 电信,0.2,2023-10-21 13:31:01,免费代理ip
113.121.22.145,9999,高匿名,HTTP,山东省烟台市 电信,0.3,2023-10-21 12:31:01,免费代理ip
60.205.132.71,80,高匿名,HTTP,北京市大兴区 阿里云计算有限公司 阿里云,4.0,2023-10-21 11:31:01,免费代理ip
113.124.85.145,9999,高匿名,HTTP,山东省烟台市 电信,0.2,2023-10-21 10:31:01,免费代理ip
218.75.69.50,57903,高匿名,HTTP,浙江省杭州市 电信,7.0,2023-10-21 09:31:01,免费代理ip
182.34.103.220,9999,高匿名,HTTP,中国 山东 烟台 电信,0.2,2023-10-21 08:31:01,免费代理ip
183.236.232.160,8080,高匿名,HTTP,中国 广东 江门 移动,6.0,2023-10-21 07:31:01,免费代理ip
113.121.23.175,9999,高匿名,HTTP,山东省烟台市 电信,0.3,2023-10-21 06:31:01,免费代理ip
182.34.27.55,9999,高匿名,HTTP,山东省烟台市 电信,0.2,2023-10-21 05:31:01,免费代理ip
182.34.18.206,9999,高匿名,HTTP,中国 山东 烟台 电信,0.3,2023-10-21 04:31:01,免费代理ip
61.216.156.222,60808,高匿名,HTTP,中国 台湾 cht.com.tw,4.0,2023-10-21 03:31:01,免费代理ip
182.140.244.163,8118,高匿名,HTTP,四川省成都市 电信,0.3,2023-10-21 02:31:01,免费代理ip
182.34.18.189,9999,高匿名,HTTP,中国 山东 烟台 电信,0.2,2023-10-21 01:31:02,免费代理ip
112.244.244.229,9000,高匿名,HTTP,山东省潍坊市 联通,0.3,2023-10-21 00:31:02,免费代理ip
182.34.36.139,9999,高匿名,HTTP,中国 山东省 烟台市 电信,0.2,2023-10-20 23:31:01,免费代理ip
182.34.22.206,9999,高匿名,HTTP,山东省烟台市 电信,0.2,2023-10-20 22:31:01,免费代理ip
114.232.110.250,8888,高匿名,HTTP,中国 江苏 南通 电信,0.3,2023-10-20 21:31:01,免费代理ip
182.34.103.16,9999,高匿名,HTTP,山东省烟台市 电信,0.3,2023-10-20 20:31:01,免费代理ip
113.121.47.154,9999,高匿名,HTTP,山东省烟台市 电信,0.3,2023-10-20 19:31:01,免费代理ip
114.232.110.12,8888,高匿名,HTTP,中国 江苏 南通 电信,0.2,2023-10-20 18:31:01,免费代理ip
222.74.73.202,42055,高匿名,HTTP,内蒙古自治区赤峰市 电信,1.0,2023-10-20 17:31:01,免费代理ip
123.169.37.192,9999,高匿名,HTTP,山东省烟台市 电信,0.3,2023-10-20 16:31:01,免费代理ip
124.156.100.83,8118,高匿名,HTTP,中国,1.0,2023-10-20 15:31:02,免费代理ip
113.124.84.134,9999,高匿名,HTTP,山东省烟台市 电信,0.3,2023-10-20 14:31:01,免费代理ip
182.34.27.55,9999,高匿名,HTTP,山东省烟台市 电信,0.2,2023-10-20 13:31:01,免费代理ip
218.75.69.50,57903,高匿名,HTTP,浙江省杭州市 电信,7.0,2023-10-20 12:31:01,免费代理ip
123.169.34.233,9999,高匿名,HTTP,山东省烟台市 电信,0.3,2023-10-20 11:31:01,免费代理ip
